{"1": "Ammo", "2": "Arrows", "3": "Bolts", "4": "Construction materials", "5": "Construction products", "6": "Cooking ingredients", "7": "Costumes", "8": "Crafting materials", "9": "Familiars", "10": "Farming produce", "11": "Firemaking products", "12": "Fletching materials", "13": "Food and Drink", "14": "Herblore materials", "15": "Hunting equipment", "16": "Hunting Produce", "17": "Jewellery", "18": "Mage armour", "19": "Mage weapons", "20": "Melee armour - high level", "21": "Melee armour - low level", "22": "Melee armour - mid level", "23": "Melee weapons - high level", "24": "Melee weapons - low level", "25": "Melee weapons - mid level", "26": "Mining and Smithing", "27": "Miscellaneous", "28": "Pocket items", "29": "Potions", "30": "Prayer armour", "31": "Prayer materials", "32": "Range armour", "33": "Range weapons", "34": "Runecrafting", "35": "Runes, Spells and Teleports", "36": "Salvage", "37": "Seeds", "38": "Stone spirits", "39": "Summoning scrolls", "40": "Tools and containers", "41": "Woodcutting product"}