{"Adamant brutal": "Ammo", "Adamant dart": "Ammo", "Adamant javelin": "Ammo", "Adamant knife": "Ammo", "Adamant throwing axe": "Ammo", "Azure skillchompa": "Ammo", "Black brutal": "Ammo", "Black dart": "Ammo", "Black knife": "Ammo", "Bolt rack": "Ammo", "Bone bolts": "Ammo", "Bronze brutal": "Ammo", "Bronze dart": "Ammo", "Bronze javelin": "Ammo", "Bronze knife": "Ammo", "Bronze throwing axe": "Ammo", "Cannonball": "Ammo", "Chinchompa": "Ammo", "Cobalt skillchompa": "Ammo", "Corrupt Morrigan's javel...": "Ammo", "Corrupt Morrigan's throw...": "Ammo", "Crimson skillchompa": "Ammo", "Crystal skillchompa": "Ammo", "Dragon dart": "Ammo", "Dragon javelin": "Ammo", "Dragon knife": "Ammo", "Dragon throwing axe": "Ammo", "Guam tar": "Ammo", "Hand cannon shot": "Ammo", "Harralander tar": "Ammo", "Iron brutal": "Ammo", "Iron dart": "Ammo", "Iron javelin": "Ammo", "Iron knife": "Ammo", "Iron throwing axe": "Ammo", "Kebbit bolts": "Ammo", "Long kebbit bolts": "Ammo", "Marrentill tar": "Ammo", "Mechanised chinchompa": "Ammo", "Mithril brutal": "Ammo", "Mithril dart": "Ammo", "Mithril grapple": "Ammo", "Mithril javelin": "Ammo", "Mithril knife": "Ammo", "Mithril throwing axe": "Ammo", "Morrigan's javelin": "Ammo", "Morrigan's throwing axe": "Ammo", "Off-hand adamant dart": "Ammo", "Off-hand adamant knife": "Ammo", "Off-hand adamant throwin...": "Ammo", "Off-hand black dart": "Ammo", "Off-hand black knife": "Ammo", "Off-hand bronze dart": "Ammo", "Off-hand bronze knife": "Ammo", "Off-hand bronze throwing...": "Ammo", "Off-hand dragon dart": "Ammo", "Off-hand dragon javelin": "Ammo", "Off-hand dragon knife": "Ammo", "Off-hand dragon throwing...": "Ammo", "Off-hand iron dart": "Ammo", "Off-hand iron knife": "Ammo", "Off-hand iron throwing a...": "Ammo", "Off-hand mithril dart": "Ammo", "Off-hand mithril knife": "Ammo", "Off-hand mithril throwin...": "Ammo", "Off-hand rune dart": "Ammo", "Off-hand rune knife": "Ammo", "Off-hand rune throwing a...": "Ammo", "Off-hand steel dart": "Ammo", "Off-hand steel knife": "Ammo", "Off-hand steel throwing ...": "Ammo", "Ogre arrow": "Ammo", "Red chinchompa": "Ammo", "Rune brutal": "Ammo", "Rune dart": "Ammo", "Rune javelin": "Ammo", "Rune knife": "Ammo", "Rune throwing axe": "Ammo", "Steel brutal": "Ammo", "Steel dart": "Ammo", "Steel javelin": "Ammo", "Steel knife": "Ammo", "Steel throwing axe": "Ammo", "Tarromin tar": "Ammo", "Toktz-xil-ul": "Ammo", "Viridian skillchompa": "Ammo", "Wyvern spines": "Ammo"}